﻿<parameters>
  <parameter name="IIS Web Application Name" defaultValue="Default Web Site/Proline_deploy" tags="IisApp">
    <parameterEntry kind="ProviderPath" scope="IisApp" match="^C:\\Users\\GunBladeIV\\Documents\\Visual\ Studio\ 2010\\Projects\\Proline\\Proline\\obj\\Debug\\Package\\PackageTmp$" />
    <parameterEntry kind="ProviderPath" scope="setAcl" match="^C:\\Users\\GunBladeIV\\Documents\\Visual\ Studio\ 2010\\Projects\\Proline\\Proline\\obj\\Debug\\Package\\PackageTmp$" />
  </parameter>
  <parameter name="ApplicationServices-Web.config Connection String" description="ApplicationServices Connection String used in web.config by the application to access the database." defaultValue="data source=.\SQLEXPRESS;Integrated Security=SSPI;AttachDBFilename=|DataDirectory|aspnetdb.mdf;User Instance=true" tags="SqlConnectionString">
    <parameterEntry kind="XmlFile" scope="obj\\Debug\\Package\\PackageTmp\\Web\.config$" match="/configuration/connectionStrings/add[@name='ApplicationServices']/@connectionString" />
  </parameter>
  <parameter name="PROLINEConnectionString-Web.config Connection String" description="PROLINEConnectionString Connection String used in web.config by the application to access the database." defaultValue="Data Source=.\SQLEXPRESS;Initial Catalog=PROLINE;Integrated Security=SSPI" tags="SqlConnectionString">
    <parameterEntry kind="XmlFile" scope="obj\\Debug\\Package\\PackageTmp\\Web\.config$" match="/configuration/connectionStrings/add[@name='PROLINEConnectionString']/@connectionString" />
  </parameter>
</parameters>